,occ1,occ2,count
0,15-1111,15-1122,1
1,15-1111,15-1199,1
2,15-1122,15-1199,2
3,15-1122,41-1011,1
4,15-1122,41-3031,1
5,15-1122,43-3051,1
6,15-1122,43-4051,1
7,15-1122,43-9011,1
8,15-1122,49-9051,1
9,15-1134,15-1199,2
10,15-1134,25-4021,1
11,15-1134,27-2012,3
12,15-1134,27-3041,1
13,15-1134,41-1011,1
14,15-1134,43-3061,1
15,15-1134,43-4051,1
16,15-1134,43-5081,2
17,15-1134,43-9021,1
18,15-1134,49-2011,1
19,15-1134,51-1011,1
20,15-1134,51-9061,2
21,15-1199,21-1093,1
22,15-1199,25-4021,2
23,15-1199,27-3041,1
24,15-1199,27-3042,1
25,15-1199,33-3021,1
26,15-1199,33-3051,1
27,15-1199,35-3031,1
28,15-1199,35-9011,1
29,15-1199,39-5012,1
30,15-1199,39-9021,2
31,15-1199,41-1011,2
32,15-1199,41-1012,1
33,15-1199,41-2031,2
34,15-1199,41-3011,1
35,15-1199,41-3021,1
36,15-1199,41-9031,1
37,15-1199,43-3031,2
38,15-1199,43-3051,1
39,15-1199,43-4041,1
40,15-1199,43-4051,6
41,15-1199,43-4141,1
42,15-1199,43-4171,2
43,15-1199,43-5061,2
44,15-1199,43-5081,1
45,15-1199,43-9011,4
46,15-1199,43-9021,2
47,15-1199,43-9041,1
48,15-1199,43-9111,2
49,15-1199,47-2061,2
50,15-1199,47-2111,1
51,15-1199,49-2011,22
52,15-1199,49-2096,1
53,15-1199,49-2098,1
54,15-1199,49-3031,1
55,15-1199,49-9052,1
56,15-1199,49-9071,1
57,15-1199,51-9051,1
58,15-1199,51-9061,1
59,15-1199,53-7081,1
60,17-2031,49-9071,1
61,19-4011,19-4021,2
62,19-4011,29-2061,1
63,19-4011,43-5061,1
64,19-4011,45-2041,2
65,19-4011,47-2061,1
66,19-4011,49-9071,1
67,19-4011,51-9199,1
68,19-4011,53-7061,1
69,19-4021,41-1011,1
70,19-4021,45-2041,1
71,19-4031,19-4041,1
72,19-4031,39-9011,3
73,19-4031,41-2031,1
74,19-4031,41-9091,1
75,19-4031,43-4051,1
76,19-4031,51-1011,1
77,19-4031,51-6011,1
78,19-4031,51-8031,4
79,19-4031,51-9061,1
80,19-4031,51-9199,2
81,19-4031,53-7062,1
82,19-4041,21-1093,1
83,19-4041,43-5081,1
84,19-4041,47-1011,1
85,19-4041,47-5021,1
86,19-4041,49-2098,1
87,19-4041,51-1011,1
88,19-4041,51-9061,1
89,21-1092,27-3043,1
90,21-1092,29-1141,1
91,21-1092,33-1011,3
92,21-1092,33-3021,1
93,21-1092,33-3051,3
94,21-1092,33-9021,1
95,21-1092,43-4031,1
96,21-1092,49-9043,1
97,21-1092,51-1011,1
98,21-1092,51-9061,1
99,21-1093,27-3031,1
100,21-1093,29-1141,2
101,21-1093,29-2061,1
102,21-1093,33-1011,1
103,21-1093,33-3051,1
104,21-1093,35-3021,1
105,21-1093,35-3041,1
106,21-1093,35-9021,1
107,21-1093,37-2012,1
108,21-1093,39-9011,2
109,21-1093,39-9021,3
110,21-1093,43-3051,1
111,21-1093,43-4051,5
112,21-1093,43-4111,1
113,21-1093,43-4171,6
114,21-1093,43-9022,1
115,21-1093,43-9041,3
116,21-1093,51-6031,1
117,21-2011,21-2021,6
118,21-2011,29-1141,1
119,21-2011,31-9096,1
120,21-2011,33-9021,1
121,21-2011,39-9011,2
122,21-2011,41-1011,1
123,21-2011,41-3011,1
124,21-2011,41-3041,1
125,21-2011,43-4121,1
126,21-2011,43-5051,1
127,21-2011,43-5071,1
128,21-2011,43-5081,1
129,21-2011,45-3011,1
130,21-2011,47-2061,1
131,21-2011,49-9051,1
132,21-2011,51-1011,1
133,21-2011,51-9151,1
134,21-2011,53-7051,1
135,21-2021,39-4031,1
136,21-2021,41-1012,1
137,21-2021,41-2031,1
138,21-2021,43-3031,1
139,21-2021,43-4051,1
140,21-2021,53-7061,1
141,23-1012,23-2011,1
142,23-2011,27-3031,1
143,23-2011,27-3041,1
144,23-2011,27-3043,1
145,23-2011,29-1141,3
146,23-2011,31-9092,1
147,23-2011,35-3031,1
148,23-2011,35-9031,1
149,23-2011,37-2012,1
150,23-2011,39-5012,1
151,23-2011,39-9011,2
152,23-2011,41-1012,2
153,23-2011,41-2031,3
154,23-2011,43-3071,1
155,23-2011,43-4031,2
156,23-2011,43-4051,4
157,23-2011,43-4171,1
158,23-2011,43-5081,1
159,23-2011,43-9021,1
160,23-2011,43-9022,1
161,23-2011,49-3031,1
162,23-2011,51-9199,1
163,25-4021,25-4031,13
164,25-4021,27-3031,1
165,25-4021,27-3043,1
166,25-4021,27-4021,1
167,25-4021,29-1141,1
168,25-4021,33-9093,1
169,25-4021,41-1012,2
170,25-4021,43-4121,18
171,25-4021,43-4171,1
172,25-4021,43-9021,1
173,25-4021,45-3011,1
174,25-4021,51-9061,1
175,25-4021,51-9199,1
176,25-4031,41-3099,1
177,25-4031,43-4031,1
178,25-4031,43-4121,6
179,27-2012,27-3031,1
180,27-2012,27-3041,1
181,27-2012,27-3043,3
182,27-2012,27-4021,1
183,27-2012,33-2011,1
184,27-2012,41-1011,4
185,27-2012,41-1012,1
186,27-2012,41-2031,1
187,27-2012,41-3011,1
188,27-2012,43-4111,1
189,27-2012,43-4171,1
190,27-2012,43-5061,1
191,27-2012,47-1011,1
192,27-2012,47-2111,1
193,27-2012,49-9021,1
194,27-2012,51-9061,1
195,27-2012,53-7051,1
196,27-2012,53-7062,1
197,27-3031,27-3043,1
198,27-3031,29-2081,1
199,27-3031,39-5012,1
200,27-3031,41-3021,1
201,27-3031,43-3031,1
202,27-3031,43-4051,1
203,27-3031,43-4171,2
204,27-3031,43-5021,1
205,27-3031,49-3023,1
206,27-3031,51-3011,1
207,27-3031,53-7062,1
208,27-3041,27-3042,1
209,27-3041,27-3043,4
210,27-3041,41-1011,1
211,27-3041,41-1012,1
212,27-3041,41-2031,2
213,27-3041,43-4171,1
214,27-3041,43-9011,1
215,27-3041,43-9081,2
216,27-3041,47-2111,1
217,27-3041,51-5111,1
218,27-3041,51-9151,1
219,27-3042,27-3043,6
220,27-3042,35-3011,1
221,27-3042,41-3021,1
222,27-3042,41-3031,1
223,27-3042,41-3099,1
224,27-3043,27-4021,2
225,27-3043,29-2041,1
226,27-3043,35-3031,1
227,27-3043,35-9031,1
228,27-3043,39-2021,1
229,27-3043,41-2031,1
230,27-3043,43-4171,1
231,27-3043,43-5071,2
232,27-3043,47-4011,1
233,27-3043,49-3011,1
234,27-3043,51-9199,1
235,27-4021,39-5012,1
236,27-4021,41-1011,1
237,27-4021,41-2031,1
238,27-4021,41-3099,1
239,27-4021,43-9011,1
240,27-4021,49-9044,1
241,27-4021,51-9151,1
242,27-4021,53-7062,1
243,29-1031,29-1122,1
244,29-1031,29-1141,2
245,29-1031,33-3021,1
246,29-1031,35-1012,4
247,29-1031,35-2021,2
248,29-1031,35-3041,2
249,29-1031,35-9011,1
250,29-1031,35-9021,1
251,29-1031,39-9011,1
252,29-1031,43-4111,1
253,29-1031,51-3092,1
254,29-1041,29-2081,1
255,29-1041,31-9092,1
256,29-1041,43-5061,1
257,29-1041,47-2141,1
258,29-1051,33-3021,1
259,29-1051,35-3031,1
260,29-1051,37-2012,1
261,29-1051,39-9021,1
262,29-1051,41-1011,1
263,29-1051,41-2031,1
264,29-1051,43-3031,1
265,29-1051,43-4171,1
266,29-1051,43-5081,1
267,29-1051,49-2011,1
268,29-1051,51-9199,1
269,29-1071,29-1141,2
270,29-1071,29-1171,1
271,29-1071,31-9091,1
272,29-1071,31-9092,18
273,29-1122,39-9021,1
274,29-1125,29-1141,2
275,29-1126,29-1141,4
276,29-1126,41-1011,1
277,29-1126,43-3011,1
278,29-1126,53-6021,1
279,29-1126,53-7062,1
280,29-1131,29-1141,1
281,29-1131,31-9096,1
282,29-1131,39-2021,3
283,29-1131,43-4171,1
284,29-1141,29-1151,4
285,29-1141,29-1171,30
286,29-1141,29-2021,1
287,29-1141,29-2041,1
288,29-1141,29-2061,86
289,29-1141,29-2071,6
290,29-1141,31-9011,1
291,29-1141,31-9091,2
292,29-1141,31-9092,16
293,29-1141,31-9097,2
294,29-1141,33-3051,2
295,29-1141,35-1012,1
296,29-1141,35-3011,1
297,29-1141,35-3031,7
298,29-1141,37-2012,2
299,29-1141,39-5012,2
300,29-1141,39-9011,4
301,29-1141,39-9021,21
302,29-1141,39-9041,2
303,29-1141,41-1011,5
304,29-1141,41-1012,5
305,29-1141,41-2031,6
306,29-1141,41-3011,1
307,29-1141,41-3021,3
308,29-1141,43-3011,1
309,29-1141,43-3021,2
310,29-1141,43-3031,3
311,29-1141,43-4051,2
312,29-1141,43-4081,1
313,29-1141,43-4111,2
314,29-1141,43-4171,6
315,29-1141,43-5061,1
316,29-1141,43-5071,1
317,29-1141,43-5081,1
318,29-1141,43-9021,1
319,29-1141,43-9041,4
320,29-1141,47-2061,2
321,29-1141,47-2111,4
322,29-1141,47-2141,1
323,29-1141,49-3023,1
324,29-1141,51-3011,1
325,29-1141,51-6011,1
326,29-1141,51-9061,1
327,29-1141,51-9198,1
328,29-1141,53-3041,1
329,29-1141,53-7064,1
330,29-1171,29-2061,5
331,29-1171,31-9092,2
332,29-1171,39-2021,1
333,29-1171,41-1011,1
334,29-1171,43-4171,1
335,29-2021,29-2061,1
336,29-2021,31-9011,1
337,29-2021,31-9091,6
338,29-2021,31-9092,2
339,29-2021,35-3031,2
340,29-2021,41-2031,2
341,29-2021,43-4051,1
342,29-2041,31-9097,1
343,29-2041,33-2011,11
344,29-2041,33-3051,1
345,29-2041,39-9021,1
346,29-2041,41-1011,1
347,29-2041,43-3031,1
348,29-2041,43-5021,1
349,29-2041,47-1011,1
350,29-2041,47-2221,1
351,29-2041,49-3031,1
352,29-2041,51-9051,1
353,29-2041,51-9199,1
354,29-2041,53-3011,1
355,29-2061,31-9091,1
356,29-2061,31-9092,6
357,29-2061,35-1011,1
358,29-2061,35-1012,1
359,29-2061,35-3022,1
360,29-2061,35-3031,2
361,29-2061,35-9011,2
362,29-2061,35-9031,2
363,29-2061,37-2012,3
364,29-2061,39-2021,1
365,29-2061,39-5012,1
366,29-2061,39-9011,1
367,29-2061,39-9021,30
368,29-2061,41-1011,2
369,29-2061,41-2021,1
370,29-2061,41-2031,2
371,29-2061,43-3011,1
372,29-2061,43-4051,1
373,29-2061,43-4081,1
374,29-2061,43-4171,4
375,29-2061,43-5081,1
376,29-2061,47-2061,1
377,29-2061,51-3011,1
378,29-2061,51-9199,1
379,29-2061,53-7062,2
380,29-2071,31-9092,3
381,29-2071,31-9094,2
382,29-2071,35-2021,1
383,29-2071,35-3031,1
384,29-2071,39-5012,1
385,29-2071,41-1011,1
386,29-2071,41-2031,1
387,29-2071,43-3021,14
388,29-2071,43-3031,3
389,29-2071,43-4051,1
390,29-2071,43-4111,1
391,29-2071,43-4171,2
392,29-2071,43-5071,1
393,29-2071,43-5081,1
394,29-2071,43-9011,1
395,29-2071,43-9021,1
396,29-2071,43-9111,1
397,29-2071,51-6031,1
398,29-2071,51-9198,1
399,29-2071,53-7062,1
400,29-2081,41-1011,1
401,29-2081,41-2031,2
402,29-2081,43-4051,3
403,29-2081,51-9199,1
404,31-9011,31-9092,2
405,31-9011,35-3011,1
406,31-9011,35-3031,3
407,31-9011,35-9031,1
408,31-9011,37-2012,1
409,31-9011,41-2031,1
410,31-9011,43-3071,1
411,31-9011,43-4051,1
412,31-9011,43-4081,1
413,31-9011,53-7062,1
414,31-9091,31-9092,2
415,31-9091,35-1011,1
416,31-9091,37-2012,1
417,31-9091,39-9011,3
418,31-9091,39-9021,1
419,31-9091,41-1011,1
420,31-9091,41-1012,1
421,31-9091,41-3021,1
422,31-9091,43-3031,1
423,31-9091,43-4051,1
424,31-9091,43-4131,1
425,31-9091,43-4171,4
426,31-9091,53-7064,1
427,31-9092,31-9094,1
428,31-9092,31-9097,2
429,31-9092,35-1012,1
430,31-9092,35-2021,1
431,31-9092,35-3011,1
432,31-9092,35-3031,6
433,31-9092,35-3041,1
434,31-9092,37-2012,3
435,31-9092,39-5012,1
436,31-9092,39-9011,1
437,31-9092,39-9021,1
438,31-9092,41-2021,1
439,31-9092,41-2031,2
440,31-9092,43-3021,4
441,31-9092,43-3031,1
442,31-9092,43-4051,3
443,31-9092,43-4171,11
444,31-9092,43-5061,1
445,31-9092,43-5081,1
446,31-9092,43-9021,1
447,31-9092,43-9041,1
448,31-9092,51-4041,1
449,31-9094,43-9021,1
450,31-9094,43-9022,4
451,31-9095,41-2031,1
452,31-9095,43-4171,2
453,31-9095,43-9041,1
454,31-9095,51-9199,1
455,31-9096,35-2021,1
456,31-9096,35-3021,1
457,31-9096,41-2031,1
458,31-9096,51-1011,1
459,31-9096,53-7064,1
460,31-9097,39-9021,1
461,31-9097,51-6011,1
462,31-9097,51-9061,1
463,33-1011,33-3051,1
464,33-1011,35-1012,1
465,33-1011,43-5052,1
466,33-1011,47-1011,1
467,33-1011,49-1011,1
468,33-1011,51-1011,1
469,33-1011,51-6093,1
470,33-1021,33-2011,11
471,33-2011,33-3051,1
472,33-2011,41-1011,1
473,33-2011,43-4051,1
474,33-2011,43-5071,1
475,33-2011,47-2111,1
476,33-2011,51-9051,1
477,33-2011,51-9061,1
478,33-2011,53-7051,1
479,33-3021,33-3051,24
480,33-3021,33-9021,5
481,33-3021,43-3071,1
482,33-3021,43-4031,1
483,33-3021,43-4051,1
484,33-3021,47-1011,1
485,33-3041,33-3051,2
486,33-3041,45-3011,1
487,33-3041,47-4011,1
488,33-3051,33-9021,1
489,33-3051,33-9093,1
490,33-3051,35-3031,2
491,33-3051,37-2012,1
492,33-3051,39-2011,2
493,33-3051,39-9021,1
494,33-3051,41-1011,2
495,33-3051,41-1012,2
496,33-3051,41-2031,4
497,33-3051,41-3031,1
498,33-3051,41-3099,1
499,33-3051,43-2011,1
500,33-3051,43-4031,1
501,33-3051,43-4111,1
502,33-3051,43-5052,1
503,33-3051,47-2061,1
504,33-3051,49-1011,1
505,33-3051,51-1011,2
506,33-3051,51-4041,1
507,33-3051,51-9061,2
508,33-3051,53-6021,1
509,33-3051,53-7062,1
510,33-9011,35-1012,1
511,33-9011,41-1012,1
512,33-9011,43-4051,1
513,33-9011,45-2011,1
514,33-9011,49-9071,1
515,33-9021,39-5012,1
516,33-9021,39-9021,1
517,33-9021,41-3099,1
518,33-9021,43-3011,2
519,33-9021,43-4031,1
520,33-9021,43-4111,1
521,33-9021,43-4171,2
522,33-9021,43-5071,1
523,33-9021,43-9021,1
524,33-9021,53-7081,1
525,33-9091,39-9011,1
526,33-9091,41-2031,1
527,33-9091,47-2061,1
528,33-9091,53-7064,1
529,33-9093,47-2111,1
530,33-9093,51-1011,1
531,33-9093,51-9061,1
532,33-9093,53-6061,1
533,35-1011,35-1012,11
534,35-1011,35-2021,9
535,35-1011,35-3021,1
536,35-1011,35-3031,1
537,35-1011,35-9011,1
538,35-1011,39-9011,1
539,35-1011,41-1011,5
540,35-1011,41-2031,4
541,35-1011,41-3021,1
542,35-1011,41-3099,1
543,35-1011,43-3031,2
544,35-1011,43-4051,1
545,35-1011,43-4181,1
546,35-1011,43-5081,3
547,35-1011,43-9011,2
548,35-1011,47-1011,1
549,35-1011,47-2111,2
550,35-1011,49-3023,1
551,35-1011,49-9071,1
552,35-1011,51-3011,2
553,35-1011,51-3093,1
554,35-1011,51-4041,1
555,35-1011,51-9199,2
556,35-1012,35-2021,11
557,35-1012,35-3011,12
558,35-1012,35-3021,11
559,35-1012,35-3022,2
560,35-1012,35-3031,10
561,35-1012,35-3041,2
562,35-1012,35-9011,2
563,35-1012,35-9021,2
564,35-1012,35-9031,1
565,35-1012,37-2012,3
566,35-1012,39-5012,1
567,35-1012,39-9011,1
568,35-1012,39-9021,2
569,35-1012,41-1011,10
570,35-1012,41-1012,4
571,35-1012,41-2031,1
572,35-1012,41-3021,1
573,35-1012,43-3021,1
574,35-1012,43-3031,2
575,35-1012,43-3051,1
576,35-1012,43-4051,1
577,35-1012,43-4171,2
578,35-1012,43-5081,1
579,35-1012,43-9021,1
580,35-1012,47-2111,1
581,35-1012,49-3021,1
582,35-1012,49-3023,1
583,35-1012,51-1011,2
584,35-1012,51-3011,2
585,35-1012,53-3041,1
586,35-1012,53-6061,2
587,35-1012,53-7061,1
588,35-1012,53-7064,2
589,35-2021,35-3011,1
590,35-2021,35-3021,18
591,35-2021,35-3022,10
592,35-2021,35-3031,21
593,35-2021,35-3041,13
594,35-2021,35-9011,14
595,35-2021,35-9021,13
596,35-2021,35-9031,2
597,35-2021,37-1011,1
598,35-2021,37-2012,3
599,35-2021,39-9011,5
600,35-2021,39-9021,2
601,35-2021,41-1011,3
602,35-2021,41-1012,1
603,35-2021,41-2031,19
604,35-2021,41-3099,1
605,35-2021,43-3011,1
606,35-2021,43-3031,1
607,35-2021,43-3071,1
608,35-2021,43-4051,6
609,35-2021,43-4111,1
610,35-2021,43-4131,1
611,35-2021,43-4171,4
612,35-2021,43-5041,1
613,35-2021,43-5081,6
614,35-2021,45-2041,2
615,35-2021,47-2061,3
616,35-2021,49-9021,1
617,35-2021,49-9071,2
618,35-2021,51-3011,3
619,35-2021,51-3092,2
620,35-2021,51-4033,1
621,35-2021,51-8021,1
622,35-2021,51-9061,1
623,35-2021,51-9111,3
624,35-2021,53-3041,1
625,35-2021,53-7062,6
626,35-2021,53-7064,3
627,35-2021,53-7081,1
628,35-3011,35-3031,31
629,35-3011,35-3041,2
630,35-3011,35-9011,4
631,35-3011,37-1011,1
632,35-3011,39-5012,2
633,35-3011,39-9011,1
634,35-3011,39-9021,1
635,35-3011,41-1011,1
636,35-3011,41-2031,4
637,35-3011,41-3099,1
638,35-3011,41-9091,1
639,35-3011,43-3031,1
640,35-3011,43-4051,5
641,35-3011,43-4171,1
642,35-3011,43-5071,1
643,35-3011,43-9041,1
644,35-3011,45-2041,1
645,35-3011,47-2061,1
646,35-3011,51-4193,1
647,35-3011,51-6021,1
648,35-3011,51-6031,1
649,35-3011,53-6061,1
650,35-3021,35-3022,2
651,35-3021,35-3031,11
652,35-3021,35-3041,1
653,35-3021,35-9011,3
654,35-3021,35-9021,1
655,35-3021,35-9031,1
656,35-3021,37-1011,1
657,35-3021,37-2012,2
658,35-3021,39-9011,2
659,35-3021,39-9021,1
660,35-3021,41-1011,8
661,35-3021,41-1012,2
662,35-3021,41-2021,1
663,35-3021,41-2031,8
664,35-3021,41-3021,1
665,35-3021,43-3021,1
666,35-3021,43-4051,5
667,35-3021,43-4171,2
668,35-3021,43-5081,7
669,35-3021,45-2041,1
670,35-3021,49-2097,1
671,35-3021,49-3023,1
672,35-3021,51-3011,2
673,35-3021,51-6011,1
674,35-3021,53-7021,1
675,35-3021,53-7061,3
676,35-3021,53-7062,7
677,35-3021,53-7064,1
678,35-3022,35-3031,11
679,35-3022,35-3041,2
680,35-3022,35-9011,3
681,35-3022,35-9031,1
682,35-3022,37-2012,2
683,35-3022,39-2021,1
684,35-3022,39-3031,1
685,35-3022,39-9011,2
686,35-3022,41-1011,1
687,35-3022,41-2022,1
688,35-3022,41-2031,6
689,35-3022,41-9091,1
690,35-3022,43-4051,5
691,35-3022,43-4171,1
692,35-3022,43-5071,1
693,35-3022,43-5081,3
694,35-3022,51-3092,1
695,35-3022,51-9061,1
696,35-3022,51-9199,1
697,35-3022,53-3041,1
698,35-3022,53-7062,1
699,35-3022,53-7064,1
700,35-3031,35-3041,27
701,35-3031,35-9011,15
702,35-3031,35-9021,11
703,35-3031,35-9031,25
704,35-3031,37-2012,7
705,35-3031,37-2021,1
706,35-3031,39-2021,3
707,35-3031,39-5012,3
708,35-3031,39-9011,4
709,35-3031,39-9021,6
710,35-3031,41-1011,5
711,35-3031,41-2021,1
712,35-3031,41-2031,22
713,35-3031,41-3011,1
714,35-3031,41-3021,1
715,35-3031,41-3099,1
716,35-3031,43-3021,2
717,35-3031,43-3031,1
718,35-3031,43-3071,2
719,35-3031,43-4051,23
720,35-3031,43-4121,2
721,35-3031,43-4171,6
722,35-3031,43-4181,1
723,35-3031,43-5052,2
724,35-3031,43-5061,1
725,35-3031,43-5071,2
726,35-3031,43-5081,6
727,35-3031,43-9041,1
728,35-3031,47-1011,1
729,35-3031,47-2061,3
730,35-3031,47-2111,1
731,35-3031,47-2141,2
732,35-3031,49-3011,1
733,35-3031,49-3023,1
734,35-3031,49-9091,1
735,35-3031,51-3011,3
736,35-3031,51-3093,1
737,35-3031,51-6011,1
738,35-3031,51-6031,3
739,35-3031,51-9061,1
740,35-3031,51-9151,1
741,35-3031,51-9199,2
742,35-3031,53-3041,4
743,35-3031,53-7051,2
744,35-3031,53-7061,1
745,35-3031,53-7062,7
746,35-3041,35-9011,4
747,35-3041,35-9021,3
748,35-3041,37-2012,1
749,35-3041,39-9011,2
750,35-3041,39-9021,3
751,35-3041,41-1011,1
752,35-3041,41-2022,1
753,35-3041,41-2031,2
754,35-3041,41-3099,1
755,35-3041,43-3031,1
756,35-3041,43-3041,1
757,35-3041,43-4051,2
758,35-3041,43-4081,1
759,35-3041,43-4171,3
760,35-3041,43-5081,1
761,35-3041,43-9021,1
762,35-3041,43-9051,1
763,35-3041,47-2061,1
764,35-3041,53-7062,3
765,35-3041,53-7064,3
766,35-9011,35-9021,6
767,35-9011,35-9031,4
768,35-9011,39-9011,3
769,35-9011,41-3031,1
770,35-9011,41-3099,1
771,35-9011,41-9091,1
772,35-9011,43-3071,1
773,35-9011,43-4051,1
774,35-9011,43-4171,1
775,35-9011,43-5071,1
776,35-9011,43-5081,2
777,35-9011,51-3093,1
778,35-9011,51-9199,1
779,35-9011,53-7061,2
780,35-9011,53-7062,3
781,35-9021,35-9031,1
782,35-9021,37-1011,1
783,35-9021,37-2012,2
784,35-9021,39-3031,1
785,35-9021,39-9011,2
786,35-9021,39-9021,1
787,35-9021,41-1012,1
788,35-9021,41-2031,1
789,35-9021,41-3031,1
790,35-9021,41-9091,1
791,35-9021,43-4051,4
792,35-9021,43-4081,1
793,35-9021,43-5081,1
794,35-9021,47-1011,1
795,35-9021,47-2061,3
796,35-9021,47-2161,1
797,35-9021,49-2011,1
798,35-9021,49-3031,2
799,35-9021,51-3011,1
800,35-9021,53-7061,1
801,35-9021,53-7062,6
802,35-9031,37-2012,3
803,35-9031,39-2021,2
804,35-9031,39-9011,1
805,35-9031,39-9021,1
806,35-9031,41-1011,1
807,35-9031,41-2031,8
808,35-9031,43-4051,2
809,35-9031,43-4111,1
810,35-9031,43-5061,2
811,35-9031,49-9071,1
812,35-9031,51-1011,2
813,35-9031,51-3092,1
814,35-9031,51-4041,1
815,35-9031,51-6011,1
816,35-9031,51-6031,1
817,35-9031,53-7062,1
818,37-1011,37-1012,3
819,37-1011,37-2012,28
820,37-1011,37-2021,4
821,37-1011,39-9011,1
822,37-1011,41-1011,4
823,37-1011,41-1012,1
824,37-1011,43-4081,1
825,37-1011,43-5021,1
826,37-1011,43-5081,1
827,37-1011,45-2041,1
828,37-1011,47-1011,2
829,37-1011,47-2061,2
830,37-1011,47-2111,2
831,37-1011,49-1011,8
832,37-1011,49-3031,1
833,37-1011,49-9043,1
834,37-1011,49-9071,3
835,37-1011,51-1011,4
836,37-1011,51-6011,5
837,37-1011,51-6063,1
838,37-1011,53-7061,2
839,37-1011,53-7062,3
840,37-1012,39-4031,1
841,37-1012,41-1011,3
842,37-1012,41-3021,1
843,37-1012,43-4051,1
844,37-1012,47-1011,2
845,37-1012,47-2061,3
846,37-1012,47-2141,1
847,37-1012,49-1011,2
848,37-1012,51-9061,1
849,37-1012,51-9199,2
850,37-1012,53-7051,1
851,37-1012,53-7062,1
852,37-1012,53-7081,1
853,37-2012,39-2021,1
854,37-2012,39-5012,2
855,37-2012,39-9011,12
856,37-2012,39-9021,13
857,37-2012,41-1011,4
858,37-2012,41-1012,3
859,37-2012,41-2021,1
860,37-2012,41-2031,5
861,37-2012,41-3021,1
862,37-2012,41-9091,1
863,37-2012,43-3021,1
864,37-2012,43-3031,4
865,37-2012,43-4051,4
866,37-2012,43-4131,1
867,37-2012,43-4171,3
868,37-2012,43-4181,1
869,37-2012,43-5021,1
870,37-2012,43-5061,1
871,37-2012,43-5071,2
872,37-2012,43-5081,5
873,37-2012,47-1011,1
874,37-2012,47-2061,3
875,37-2012,49-9071,4
876,37-2012,51-3011,2
877,37-2012,51-3092,1
878,37-2012,51-6011,12
879,37-2012,51-6031,1
880,37-2012,51-8021,1
881,37-2012,51-9061,2
882,37-2012,51-9111,3
883,37-2012,51-9196,1
884,37-2012,51-9199,5
885,37-2012,53-6021,1
886,37-2012,53-7061,1
887,37-2012,53-7062,6
888,37-2012,53-7063,2
889,37-2012,53-7064,4
890,37-2021,41-2031,1
891,37-2021,43-5061,1
892,37-2021,43-9051,1
893,37-2021,47-2061,1
894,37-2021,49-3031,1
895,37-2021,49-9021,1
896,37-2021,51-4041,1
897,37-2021,51-7011,1
898,37-2021,53-7062,1
899,39-2011,39-2021,1
900,39-2011,39-9021,1
901,39-2011,41-2031,1
902,39-2011,43-4051,1
903,39-2011,47-2111,1
904,39-2021,39-9021,1
905,39-2021,41-2031,3
906,39-2021,41-3099,1
907,39-2021,43-3031,1
908,39-2021,43-4051,3
909,39-2021,43-4081,1
910,39-2021,43-4171,1
911,39-2021,45-3011,1
912,39-2021,53-3011,1
913,39-2021,53-7061,1
914,39-2021,53-7081,1
915,39-3031,39-9011,2
916,39-3031,39-9021,1
917,39-3031,41-1012,1
918,39-3031,43-3031,1
919,39-3031,43-4051,1
920,39-3031,43-4171,1
921,39-3031,51-3011,1
922,39-3031,53-7062,1
923,39-4031,41-3021,1
924,39-5011,39-5012,5
925,39-5011,53-3041,1
926,39-5011,53-7062,1
927,39-5011,53-7064,1
928,39-5012,39-9011,2
929,39-5012,41-1011,3
930,39-5012,41-1012,2
931,39-5012,41-2031,4
932,39-5012,41-3021,1
933,39-5012,43-3031,1
934,39-5012,43-3071,1
935,39-5012,43-4031,1
936,39-5012,43-4051,2
937,39-5012,43-4111,1
938,39-5012,43-4171,3
939,39-5012,43-5051,1
940,39-5012,43-5081,3
941,39-5012,43-9041,1
942,39-5012,47-2061,1
943,39-5012,47-2141,2
944,39-5012,51-9061,1
945,39-5012,53-7062,1
946,39-9011,39-9021,11
947,39-9011,41-1011,3
948,39-9011,41-2031,7
949,39-9011,41-3021,1
950,39-9011,41-9091,2
951,39-9011,43-3031,1
952,39-9011,43-3071,1
953,39-9011,43-4051,4
954,39-9011,43-4171,9
955,39-9011,43-5021,1
956,39-9011,43-5061,1
957,39-9011,43-5081,3
958,39-9011,43-9011,1
959,39-9011,43-9021,1
960,39-9011,43-9051,1
961,39-9011,45-2041,1
962,39-9011,49-9051,1
963,39-9011,49-9071,1
964,39-9011,51-4031,1
965,39-9011,51-9151,1
966,39-9011,53-3041,1
967,39-9011,53-6061,5
968,39-9011,53-7062,2
969,39-9011,53-7063,1
970,39-9011,53-7064,3
971,39-9021,39-9041,1
972,39-9021,41-1011,4
973,39-9021,41-1012,1
974,39-9021,41-2022,1
975,39-9021,41-2031,4
976,39-9021,41-3021,1
977,39-9021,41-3031,1
978,39-9021,41-9041,1
979,39-9021,43-3011,1
980,39-9021,43-3021,1
981,39-9021,43-4051,8
982,39-9021,43-4111,1
983,39-9021,43-4131,1
984,39-9021,43-4171,7
985,39-9021,43-5061,2
986,39-9021,43-5081,6
987,39-9021,43-9041,1
988,39-9021,47-2061,3
989,39-9021,49-2011,2
990,39-9021,49-2097,1
991,39-9021,49-3031,1
992,39-9021,49-9052,1
993,39-9021,49-9071,2
994,39-9021,51-1011,2
995,39-9021,51-3011,1
996,39-9021,51-3091,1
997,39-9021,51-6011,1
998,39-9021,51-6031,1
999,39-9021,51-9061,1
1000,39-9021,51-9111,1
1001,39-9021,51-9199,2
1002,39-9021,53-3041,1
1003,39-9021,53-7051,2
1004,39-9021,53-7061,1
1005,39-9021,53-7062,5
1006,39-9021,53-7064,3
1007,39-9041,41-1011,1
1008,39-9041,43-4121,1
1009,41-1011,41-1012,79
1010,41-1011,41-2021,1
1011,41-1011,41-2022,10
1012,41-1011,41-2031,193
1013,41-1011,41-3021,3
1014,41-1011,41-3099,7
1015,41-1011,41-9031,1
1016,41-1011,41-9091,4
1017,41-1011,43-3021,5
1018,41-1011,43-3031,13
1019,41-1011,43-3071,2
1020,41-1011,43-4051,39
1021,41-1011,43-4081,1
1022,41-1011,43-4111,1
1023,41-1011,43-4141,1
1024,41-1011,43-4151,2
1025,41-1011,43-4171,2
1026,41-1011,43-5052,2
1027,41-1011,43-5061,1
1028,41-1011,43-5071,6
1029,41-1011,43-5081,36
1030,41-1011,43-9021,1
1031,41-1011,43-9022,1
1032,41-1011,45-2041,1
1033,41-1011,47-1011,6
1034,41-1011,47-2061,7
1035,41-1011,47-2111,3
1036,41-1011,47-2141,2
1037,41-1011,49-1011,8
1038,41-1011,49-3023,10
1039,41-1011,49-3031,3
1040,41-1011,49-9021,1
1041,41-1011,49-9051,2
1042,41-1011,49-9052,1
1043,41-1011,51-1011,16
1044,41-1011,51-3011,5
1045,41-1011,51-3092,2
1046,41-1011,51-4041,3
1047,41-1011,51-4193,1
1048,41-1011,51-5111,1
1049,41-1011,51-6093,1
1050,41-1011,51-7011,2
1051,41-1011,51-9041,1
1052,41-1011,51-9061,12
1053,41-1011,51-9071,9
1054,41-1011,51-9199,2
1055,41-1011,53-3041,1
1056,41-1011,53-6021,1
1057,41-1011,53-6051,1
1058,41-1011,53-7051,1
1059,41-1011,53-7062,12
1060,41-1011,53-7064,2
1061,41-1011,53-7081,2
1062,41-1012,41-2021,1
1063,41-1012,41-2022,2
1064,41-1012,41-2031,12
1065,41-1012,41-3011,1
1066,41-1012,41-3021,23
1067,41-1012,41-3031,5
1068,41-1012,41-3041,2
1069,41-1012,41-3099,11
1070,41-1012,41-9031,3
1071,41-1012,43-3031,6
1072,41-1012,43-4051,16
1073,41-1012,43-4131,1
1074,41-1012,43-4171,2
1075,41-1012,43-5061,2
1076,41-1012,43-5071,1
1077,41-1012,43-5081,6
1078,41-1012,43-9011,1
1079,41-1012,43-9021,2
1080,41-1012,43-9041,4
1081,41-1012,45-2041,1
1082,41-1012,45-3011,2
1083,41-1012,47-1011,1
1084,41-1012,47-2061,1
1085,41-1012,47-2111,2
1086,41-1012,47-2121,3
1087,41-1012,49-1011,6
1088,41-1012,49-2011,5
1089,41-1012,49-2097,1
1090,41-1012,49-3021,9
1091,41-1012,49-3023,35
1092,41-1012,49-3031,1
1093,41-1012,49-9021,2
1094,41-1012,49-9031,2
1095,41-1012,49-9071,3
1096,41-1012,49-9091,1
1097,41-1012,51-1011,5
1098,41-1012,51-4041,1
1099,41-1012,51-9061,3
1100,41-1012,51-9111,1
1101,41-1012,51-9195,1
1102,41-1012,51-9199,2
1103,41-1012,53-3041,1
1104,41-1012,53-7051,1
1105,41-1012,53-7061,8
1106,41-1012,53-7062,5
1107,41-1012,53-7081,2
1108,41-2021,41-2031,9
1109,41-2021,41-3099,3
1110,41-2021,43-3031,1
1111,41-2021,43-4051,5
1112,41-2021,43-4171,1
1113,41-2021,43-4181,1
1114,41-2021,43-5081,1
1115,41-2021,51-3011,1
1116,41-2021,51-6011,3
1117,41-2021,53-7061,1
1118,41-2021,53-7062,1
1119,41-2022,41-2031,18
1120,41-2022,43-4051,2
1121,41-2022,43-4151,2
1122,41-2022,43-5081,7
1123,41-2022,49-1011,1
1124,41-2022,49-3023,3
1125,41-2022,49-9021,1
1126,41-2022,49-9031,1
1127,41-2022,51-9061,1
1128,41-2022,53-7062,1
1129,41-2022,53-7081,1
1130,41-2031,41-3011,7
1131,41-2031,41-3021,3
1132,41-2031,41-3031,4
1133,41-2031,41-3099,29
1134,41-2031,41-9031,1
1135,41-2031,41-9041,1
1136,41-2031,41-9091,7
1137,41-2031,43-3011,3
1138,41-2031,43-3021,3
1139,41-2031,43-3031,7
1140,41-2031,43-3071,3
1141,41-2031,43-4041,2
1142,41-2031,43-4051,103
1143,41-2031,43-4111,3
1144,41-2031,43-4121,1
1145,41-2031,43-4131,1
1146,41-2031,43-4151,6
1147,41-2031,43-4171,14
1148,41-2031,43-4181,1
1149,41-2031,43-5011,1
1150,41-2031,43-5021,3
1151,41-2031,43-5052,1
1152,41-2031,43-5071,7
1153,41-2031,43-5081,56
1154,41-2031,43-9011,1
1155,41-2031,43-9021,2
1156,41-2031,43-9111,1
1157,41-2031,47-1011,2
1158,41-2031,47-2061,7
1159,41-2031,47-2111,1
1160,41-2031,47-2141,1
1161,41-2031,49-1011,2
1162,41-2031,49-2011,2
1163,41-2031,49-3011,1
1164,41-2031,49-3023,11
1165,41-2031,49-3031,1
1166,41-2031,49-9021,1
1167,41-2031,49-9052,1
1168,41-2031,49-9071,6
1169,41-2031,51-1011,1
1170,41-2031,51-3011,3
1171,41-2031,51-4041,4
1172,41-2031,51-6031,3
1173,41-2031,51-6093,1
1174,41-2031,51-7011,1
1175,41-2031,51-7021,1
1176,41-2031,51-7041,1
1177,41-2031,51-8031,1
1178,41-2031,51-9061,10
1179,41-2031,51-9071,5
1180,41-2031,51-9111,3
1181,41-2031,51-9151,1
1182,41-2031,51-9195,1
1183,41-2031,51-9199,11
1184,41-2031,53-3041,1
1185,41-2031,53-7051,5
1186,41-2031,53-7061,8
1187,41-2031,53-7062,28
1188,41-2031,53-7063,1
1189,41-2031,53-7064,3
1190,41-3011,41-3041,1
1191,41-3011,41-3099,9
1192,41-3011,41-9091,2
1193,41-3011,43-3011,1
1194,41-3011,43-4011,1
1195,41-3011,43-4051,7
1196,41-3011,43-4171,2
1197,41-3011,43-5061,1
1198,41-3011,43-9081,1
1199,41-3011,47-2141,1
1200,41-3011,53-7062,2
1201,41-3021,41-3031,2
1202,41-3021,41-3099,2
1203,41-3021,41-9091,1
1204,41-3021,43-3031,2
1205,41-3021,43-3071,1
1206,41-3021,43-4011,1
1207,41-3021,43-4041,1
1208,41-3021,43-4051,4
1209,41-3021,43-4171,3
1210,41-3021,43-4181,1
1211,41-3021,43-5071,1
1212,41-3021,43-5081,1
1213,41-3021,43-9021,1
1214,41-3021,43-9022,1
1215,41-3021,43-9041,13
1216,41-3021,45-2011,1
1217,41-3021,49-1011,1
1218,41-3021,49-9021,1
1219,41-3021,49-9052,1
1220,41-3021,51-3011,1
1221,41-3021,51-9199,1
1222,41-3021,53-7062,3
1223,41-3031,41-3099,1
1224,41-3031,43-3071,2
1225,41-3031,43-4041,1
1226,41-3031,43-4051,4
1227,41-3031,43-4141,1
1228,41-3031,43-4171,2
1229,41-3031,51-1011,1
1230,41-3031,51-4041,1
1231,41-3031,51-9061,1
1232,41-3031,51-9199,1
1233,41-3041,41-3099,1
1234,41-3041,43-3031,1
1235,41-3041,43-4051,1
1236,41-3041,43-4181,3
1237,41-3041,53-3041,1
1238,41-3099,41-9031,3
1239,41-3099,41-9041,2
1240,41-3099,41-9091,1
1241,41-3099,43-3021,2
1242,41-3099,43-3031,3
1243,41-3099,43-4051,14
1244,41-3099,43-4111,1
1245,41-3099,43-4131,1
1246,41-3099,43-4151,1
1247,41-3099,43-4171,3
1248,41-3099,43-4181,3
1249,41-3099,43-5051,1
1250,41-3099,43-5052,1
1251,41-3099,43-5061,1
1252,41-3099,43-5081,1
1253,41-3099,47-2141,1
1254,41-3099,49-1011,2
1255,41-3099,49-2098,1
1256,41-3099,49-3023,1
1257,41-3099,49-3031,1
1258,41-3099,49-9052,1
1259,41-3099,51-3011,1
1260,41-3099,51-9199,1
1261,41-3099,53-3041,1
1262,41-3099,53-7062,3
1263,41-9031,51-1011,1
1264,41-9041,43-2021,1
1265,41-9041,43-4051,4
1266,41-9041,43-4171,1
1267,41-9041,43-4181,1
1268,41-9041,43-5081,2
1269,41-9041,43-9041,1
1270,41-9041,51-6031,1
1271,41-9041,51-9061,1
1272,41-9091,43-3031,1
1273,41-9091,43-3051,1
1274,41-9091,43-4051,3
1275,41-9091,43-5081,2
1276,41-9091,43-9021,2
1277,41-9091,47-2061,1
1278,41-9091,49-9091,2
1279,41-9091,51-4033,1
1280,41-9091,51-8031,1
1281,41-9091,53-7064,2
1282,43-2011,43-4051,2
1283,43-2011,43-4171,6
1284,43-2011,51-9061,1
1285,43-2021,43-3031,1
1286,43-2021,43-3071,1
1287,43-2021,43-4051,3
1288,43-2021,43-4171,6
1289,43-2021,43-5071,1
1290,43-2021,47-2141,1
1291,43-2021,49-2098,1
1292,43-2021,53-6061,1
1293,43-3011,43-3021,5
1294,43-3011,43-3031,7
1295,43-3011,43-4051,5
1296,43-3011,43-4131,2
1297,43-3011,43-5081,2
1298,43-3011,43-9041,3
1299,43-3011,49-9096,1
1300,43-3011,51-9199,1
1301,43-3021,43-3031,28
1302,43-3021,43-3051,2
1303,43-3021,43-3071,3
1304,43-3021,43-4011,1
1305,43-3021,43-4031,1
1306,43-3021,43-4051,11
1307,43-3021,43-4111,2
1308,43-3021,43-4121,1
1309,43-3021,43-4151,1
1310,43-3021,43-4171,13
1311,43-3021,43-4181,1
1312,43-3021,43-5061,2
1313,43-3021,43-5071,1
1314,43-3021,43-5081,2
1315,43-3021,43-9021,6
1316,43-3021,43-9022,1
1317,43-3021,43-9041,6
1318,43-3021,43-9051,2
1319,43-3021,47-1011,1
1320,43-3021,49-3021,1
1321,43-3021,49-9021,1
1322,43-3021,49-9071,1
1323,43-3021,51-6011,1
1324,43-3021,51-9061,4
1325,43-3021,51-9199,1
1326,43-3021,53-2031,1
1327,43-3021,53-7062,1
1328,43-3021,53-7064,1
1329,43-3031,43-3051,13
1330,43-3031,43-3071,6
1331,43-3031,43-4031,1
1332,43-3031,43-4041,1
1333,43-3031,43-4051,15
1334,43-3031,43-4131,1
1335,43-3031,43-4141,1
1336,43-3031,43-4151,1
1337,43-3031,43-4171,14
1338,43-3031,43-5021,1
1339,43-3031,43-5071,2
1340,43-3031,43-5081,6
1341,43-3031,43-9011,1
1342,43-3031,43-9021,4
1343,43-3031,43-9022,1
1344,43-3031,43-9041,2
1345,43-3031,47-1011,1
1346,43-3031,47-2061,1
1347,43-3031,47-2141,1
1348,43-3031,47-2161,1
1349,43-3031,49-3023,1
1350,43-3031,51-1011,1
1351,43-3031,51-9199,3
1352,43-3031,53-3041,1
1353,43-3031,53-7062,2
1354,43-3031,53-7064,1
1355,43-3041,43-3071,1
1356,43-3041,43-4171,1
1357,43-3051,43-4051,3
1358,43-3051,43-4151,1
1359,43-3051,43-5061,1
1360,43-3051,43-5071,1
1361,43-3051,49-9071,1
1362,43-3051,53-7061,1
1363,43-3061,43-4121,1
1364,43-3061,43-5071,1
1365,43-3061,43-5081,1
1366,43-3061,49-1011,1
1367,43-3061,53-7062,1
1368,43-3071,43-4041,1
1369,43-3071,43-4051,14
1370,43-3071,43-4131,3
1371,43-3071,43-4141,5
1372,43-3071,43-5052,1
1373,43-3071,43-5081,1
1374,43-3071,43-9111,1
1375,43-3071,49-3023,1
1376,43-3071,51-9198,1
1377,43-3071,53-7062,1
1378,43-4011,43-4051,1
1379,43-4031,43-4051,1
1380,43-4031,43-9021,2
1381,43-4031,43-9022,1
1382,43-4041,43-4051,2
1383,43-4041,43-4131,4
1384,43-4041,51-9199,1
1385,43-4051,43-4081,4
1386,43-4051,43-4111,3
1387,43-4051,43-4121,1
1388,43-4051,43-4131,3
1389,43-4051,43-4141,3
1390,43-4051,43-4151,7
1391,43-4051,43-4171,50
1392,43-4051,43-4181,10
1393,43-4051,43-5011,1
1394,43-4051,43-5041,1
1395,43-4051,43-5051,1
1396,43-4051,43-5052,1
1397,43-4051,43-5061,6
1398,43-4051,43-5071,4
1399,43-4051,43-5081,28
1400,43-4051,43-9011,2
1401,43-4051,43-9021,8
1402,43-4051,43-9041,24
1403,43-4051,43-9051,1
1404,43-4051,45-2041,2
1405,43-4051,47-1011,2
1406,43-4051,47-2061,1
1407,43-4051,47-2111,2
1408,43-4051,47-2141,1
1409,43-4051,49-1011,3
1410,43-4051,49-2011,3
1411,43-4051,49-3011,1
1412,43-4051,49-3023,3
1413,43-4051,49-3031,3
1414,43-4051,49-9031,1
1415,43-4051,49-9071,3
1416,43-4051,49-9091,1
1417,43-4051,49-9098,2
1418,43-4051,51-1011,3
1419,43-4051,51-4041,1
1420,43-4051,51-6011,1
1421,43-4051,51-6031,1
1422,43-4051,51-8021,1
1423,43-4051,51-8031,1
1424,43-4051,51-9061,6
1425,43-4051,51-9071,1
1426,43-4051,51-9111,1
1427,43-4051,51-9199,6
1428,43-4051,53-3041,3
1429,43-4051,53-6021,1
1430,43-4051,53-7051,1
1431,43-4051,53-7061,1
1432,43-4051,53-7062,16
1433,43-4051,53-7064,5
1434,43-4081,43-4111,1
1435,43-4081,43-4171,5
1436,43-4081,43-5051,1
1437,43-4081,43-5071,1
1438,43-4081,43-5081,1
1439,43-4081,43-9051,1
1440,43-4081,49-9071,1
1441,43-4111,43-4171,17
1442,43-4111,43-5061,2
1443,43-4111,43-9041,1
1444,43-4111,51-9199,1
1445,43-4121,43-4171,1
1446,43-4131,43-4141,1
1447,43-4131,43-4171,2
1448,43-4131,43-5061,1
1449,43-4131,43-9021,1
1450,43-4131,43-9041,2
1451,43-4131,51-3011,1
1452,43-4131,51-9199,1
1453,43-4141,43-9081,1
1454,43-4151,43-4171,3
1455,43-4151,43-5071,2
1456,43-4151,43-5081,9
1457,43-4151,43-9011,1
1458,43-4151,47-2061,1
1459,43-4151,49-1011,1
1460,43-4151,49-2011,1
1461,43-4151,49-9096,1
1462,43-4151,51-1011,1
1463,43-4151,51-6011,1
1464,43-4151,51-9199,1
1465,43-4151,53-7062,2
1466,43-4171,43-4181,1
1467,43-4171,43-5021,1
1468,43-4171,43-5051,4
1469,43-4171,43-5061,8
1470,43-4171,43-5081,4
1471,43-4171,43-9011,1
1472,43-4171,43-9021,7
1473,43-4171,43-9022,6
1474,43-4171,43-9041,6
1475,43-4171,43-9051,1
1476,43-4171,47-2061,2
1477,43-4171,47-2111,1
1478,43-4171,47-4011,1
1479,43-4171,51-9061,3
1480,43-4171,51-9199,1
1481,43-4171,53-7062,1
1482,43-4171,53-7064,1
1483,43-4181,43-5011,3
1484,43-4181,43-5061,2
1485,43-4181,49-3031,1
1486,43-4181,51-4031,1
1487,43-4181,53-2031,1
1488,43-4181,53-7062,3
1489,43-4181,53-7064,1
1490,43-5011,43-5071,4
1491,43-5011,43-5081,1
1492,43-5011,43-9011,1
1493,43-5011,47-2111,1
1494,43-5011,53-7062,2
1495,43-5021,43-5052,2
1496,43-5021,43-5071,2
1497,43-5021,43-5081,1
1498,43-5021,43-9051,3
1499,43-5021,47-2061,1
1500,43-5021,47-2111,1
1501,43-5021,49-3023,1
1502,43-5021,49-3031,1
1503,43-5021,49-9071,1
1504,43-5021,51-4041,1
1505,43-5021,51-9199,2
1506,43-5021,53-3041,2
1507,43-5021,53-7051,1
1508,43-5021,53-7061,1
1509,43-5021,53-7062,4
1510,43-5021,53-7081,2
1511,43-5041,47-2111,1
1512,43-5041,49-9051,1
1513,43-5041,51-8031,2
1514,43-5041,53-3041,1
1515,43-5051,43-5052,12
1516,43-5051,43-9051,2
1517,43-5051,47-2111,1
1518,43-5051,53-7062,3
1519,43-5052,43-9011,1
1520,43-5052,43-9051,1
1521,43-5052,47-2111,1
1522,43-5052,47-2141,1
1523,43-5052,49-9071,1
1524,43-5052,51-4031,1
1525,43-5052,51-9061,1
1526,43-5052,51-9071,1
1527,43-5052,51-9199,1
1528,43-5052,53-3041,1
1529,43-5061,43-5071,2
1530,43-5061,43-5081,8
1531,43-5061,43-9021,2
1532,43-5061,47-1011,1
1533,43-5061,47-2061,1
1534,43-5061,49-1011,1
1535,43-5061,51-1011,1
1536,43-5061,51-9061,3
1537,43-5061,51-9199,2
1538,43-5071,43-5081,26
1539,43-5071,43-9011,1
1540,43-5071,43-9021,1
1541,43-5071,43-9051,2
1542,43-5071,47-2061,3
1543,43-5071,47-2111,1
1544,43-5071,47-2161,1
1545,43-5071,49-2011,2
1546,43-5071,49-3031,1
1547,43-5071,51-3011,1
1548,43-5071,51-4021,1
1549,43-5071,51-4034,1
1550,43-5071,51-9061,5
1551,43-5071,51-9111,2
1552,43-5071,51-9191,1
1553,43-5071,51-9199,8
1554,43-5071,53-7051,17
1555,43-5071,53-7061,1
1556,43-5071,53-7062,47
1557,43-5071,53-7063,2
1558,43-5071,53-7064,5
1559,43-5081,43-9011,2
1560,43-5081,43-9021,1
1561,43-5081,43-9041,1
1562,43-5081,43-9051,1
1563,43-5081,43-9111,1
1564,43-5081,47-2061,4
1565,43-5081,47-2111,2
1566,43-5081,47-2141,1
1567,43-5081,47-5021,1
1568,43-5081,49-2011,1
1569,43-5081,49-2092,1
1570,43-5081,49-2097,1
1571,43-5081,49-3011,1
1572,43-5081,49-3023,4
1573,43-5081,49-3031,2
1574,43-5081,49-9044,1
1575,43-5081,49-9071,1
1576,43-5081,51-3011,1
1577,43-5081,51-3092,2
1578,43-5081,51-4031,1
1579,43-5081,51-4041,4
1580,43-5081,51-6011,1
1581,43-5081,51-9061,10
1582,43-5081,51-9111,3
1583,43-5081,51-9195,1
1584,43-5081,51-9199,14
1585,43-5081,53-3041,3
1586,43-5081,53-6051,2
1587,43-5081,53-7051,10
1588,43-5081,53-7061,3
1589,43-5081,53-7062,76
1590,43-5081,53-7064,16
1591,43-9011,43-9021,4
1592,43-9011,49-2011,3
1593,43-9011,49-2097,1
1594,43-9011,49-9071,1
1595,43-9011,51-9199,1
1596,43-9021,43-9022,3
1597,43-9021,43-9041,1
1598,43-9021,49-2011,1
1599,43-9021,51-1011,1
1600,43-9021,51-4031,1
1601,43-9021,51-9061,1
1602,43-9021,53-7051,1
1603,43-9021,53-7064,1
1604,43-9022,51-9061,1
1605,43-9041,43-9111,1
1606,43-9051,47-2061,1
1607,43-9051,49-9071,1
1608,43-9051,51-1011,1
1609,43-9051,51-9061,1
1610,43-9051,53-7062,3
1611,43-9051,53-7064,1
1612,45-2011,45-2041,2
1613,45-2011,51-9061,1
1614,45-2011,51-9111,1
1615,45-2011,53-7064,1
1616,45-2041,51-1011,4
1617,45-2041,51-9061,4
1618,45-2041,51-9111,4
1619,45-2041,51-9199,2
1620,45-2041,53-6021,1
1621,45-2041,53-7062,4
1622,45-2041,53-7064,7
1623,45-3011,47-2061,1
1624,45-3011,51-9199,1
1625,45-4011,51-6011,1
1626,47-1011,47-2061,49
1627,47-1011,47-2111,15
1628,47-1011,47-2141,2
1629,47-1011,47-2221,3
1630,47-1011,47-4011,1
1631,47-1011,47-5021,3
1632,47-1011,49-1011,10
1633,47-1011,49-3023,1
1634,47-1011,49-9021,6
1635,47-1011,49-9043,1
1636,47-1011,49-9044,1
1637,47-1011,49-9051,1
1638,47-1011,49-9071,7
1639,47-1011,51-1011,17
1640,47-1011,51-6093,1
1641,47-1011,51-8031,1
1642,47-1011,51-9199,2
1643,47-1011,53-6051,2
1644,47-1011,53-7062,5
1645,47-2061,47-2111,10
1646,47-2061,47-2141,24
1647,47-2061,47-2161,2
1648,47-2061,47-2221,2
1649,47-2061,47-4011,1
1650,47-2061,47-5021,1
1651,47-2061,49-2098,2
1652,47-2061,49-3023,8
1653,47-2061,49-3031,3
1654,47-2061,49-9021,7
1655,47-2061,49-9044,1
1656,47-2061,49-9051,2
1657,47-2061,49-9052,5
1658,47-2061,49-9071,14
1659,47-2061,51-1011,2
1660,47-2061,51-3093,1
1661,47-2061,51-4111,1
1662,47-2061,51-7041,2
1663,47-2061,51-7042,1
1664,47-2061,51-8021,1
1665,47-2061,51-8031,1
1666,47-2061,51-9041,1
1667,47-2061,51-9061,5
1668,47-2061,51-9111,1
1669,47-2061,51-9192,1
1670,47-2061,51-9199,12
1671,47-2061,53-3041,1
1672,47-2061,53-7021,2
1673,47-2061,53-7051,6
1674,47-2061,53-7061,4
1675,47-2061,53-7062,35
1676,47-2061,53-7064,8
1677,47-2061,53-7081,2
1678,47-2111,47-2141,1
1679,47-2111,47-2161,1
1680,47-2111,47-2221,1
1681,47-2111,47-4011,1
1682,47-2111,49-1011,6
1683,47-2111,49-2092,2
1684,47-2111,49-2096,4
1685,47-2111,49-2097,1
1686,47-2111,49-2098,3
1687,47-2111,49-3011,1
1688,47-2111,49-3031,3
1689,47-2111,49-9021,5
1690,47-2111,49-9043,1
1691,47-2111,49-9051,7
1692,47-2111,49-9052,3
1693,47-2111,49-9071,4
1694,47-2111,51-1011,2
1695,47-2111,51-4031,1
1696,47-2111,51-8021,1
1697,47-2111,51-8031,1
1698,47-2111,51-9061,1
1699,47-2111,51-9111,1
1700,47-2111,51-9196,1
1701,47-2111,51-9199,2
1702,47-2111,53-7051,1
1703,47-2111,53-7061,1
1704,47-2111,53-7062,4
1705,47-2111,53-7081,1
1706,47-2121,47-2141,1
1707,47-2141,49-2011,1
1708,47-2141,49-3023,1
1709,47-2141,49-3031,1
1710,47-2141,49-9071,3
1711,47-2141,51-4041,1
1712,47-2141,51-9041,1
1713,47-2141,51-9061,1
1714,47-2141,51-9199,1
1715,47-2141,53-3041,2
1716,47-2141,53-5011,1
1717,47-2141,53-7051,1
1718,47-2141,53-7061,1
1719,47-2141,53-7062,6
1720,47-2141,53-7064,1
1721,47-2161,49-9091,1
1722,47-2221,49-9044,1
1723,47-2221,51-9199,1
1724,47-4011,49-2098,1
1725,47-4011,49-3031,1
1726,47-4011,51-9061,6
1727,47-4011,53-3041,1
1728,47-4011,53-7062,1
1729,47-5021,49-1011,1
1730,47-5021,49-9096,1
1731,47-5021,51-9111,1
1732,49-1011,49-3023,3
1733,49-1011,49-3031,1
1734,49-1011,49-9021,1
1735,49-1011,49-9052,1
1736,49-1011,49-9071,6
1737,49-1011,49-9095,1
1738,49-1011,51-1011,12
1739,49-1011,51-4034,1
1740,49-1011,51-8031,1
1741,49-1011,51-9061,1
1742,49-1011,53-3041,1
1743,49-2011,49-2092,1
1744,49-2011,49-3023,1
1745,49-2011,49-9052,4
1746,49-2011,49-9071,4
1747,49-2011,51-8021,1
1748,49-2011,51-9199,1
1749,49-2011,53-7062,3
1750,49-2092,49-2096,1
1751,49-2092,49-3031,1
1752,49-2092,49-9051,1
1753,49-2092,53-3041,1
1754,49-2096,49-3023,1
1755,49-2097,49-9052,3
1756,49-2097,49-9071,1
1757,49-2097,53-7062,1
1758,49-2097,53-7064,1
1759,49-2098,49-9052,1
1760,49-2098,51-9061,2
1761,49-3011,49-3031,1
1762,49-3011,49-9071,4
1763,49-3011,51-1011,2
1764,49-3011,51-9061,1
1765,49-3011,53-7062,1
1766,49-3021,49-3023,27
1767,49-3021,49-9021,1
1768,49-3021,49-9098,1
1769,49-3021,51-3091,1
1770,49-3021,51-9061,1
1771,49-3021,53-7061,1
1772,49-3021,53-7062,3
1773,49-3023,49-3031,28
1774,49-3023,49-9021,2
1775,49-3023,49-9044,2
1776,49-3023,49-9071,12
1777,49-3023,51-1011,1
1778,49-3023,51-4033,1
1779,49-3023,51-4041,4
1780,49-3023,51-6011,1
1781,49-3023,51-6031,1
1782,49-3023,51-9061,14
1783,49-3023,51-9199,1
1784,49-3023,53-3041,2
1785,49-3023,53-6021,1
1786,49-3023,53-6051,2
1787,49-3023,53-7051,1
1788,49-3023,53-7061,1
1789,49-3023,53-7062,3
1790,49-3031,49-9071,9
1791,49-3031,51-1011,2
1792,49-3031,51-9061,1
1793,49-3031,51-9199,3
1794,49-3031,53-5011,1
1795,49-3031,53-6021,1
1796,49-3031,53-6051,1
1797,49-3031,53-7021,1
1798,49-3031,53-7051,2
1799,49-3031,53-7061,1
1800,49-3031,53-7062,4
1801,49-3031,53-7081,1
1802,49-9021,49-9031,4
1803,49-9021,49-9043,1
1804,49-9021,49-9044,1
1805,49-9021,49-9051,1
1806,49-9021,49-9071,10
1807,49-9021,49-9091,1
1808,49-9021,49-9098,1
1809,49-9021,51-1011,1
1810,49-9021,51-8021,7
1811,49-9021,51-9196,1
1812,49-9021,51-9199,1
1813,49-9021,53-7021,1
1814,49-9021,53-7061,1
1815,49-9021,53-7062,1
1816,49-9031,49-9071,6
1817,49-9031,51-4033,1
1818,49-9031,51-9061,1
1819,49-9031,53-7062,1
1820,49-9043,49-9071,1
1821,49-9043,51-1011,1
1822,49-9043,51-9199,1
1823,49-9044,49-9071,1
1824,49-9044,51-4041,1
1825,49-9044,51-9199,5
1826,49-9051,49-9052,4
1827,49-9051,51-1011,3
1828,49-9051,53-7021,1
1829,49-9051,53-7051,1
1830,49-9052,49-9071,1
1831,49-9052,51-1011,1
1832,49-9052,51-9199,1
1833,49-9052,53-7062,3
1834,49-9071,49-9091,1
1835,49-9071,49-9095,1
1836,49-9071,49-9098,1
1837,49-9071,51-1011,1
1838,49-9071,51-4041,1
1839,49-9071,51-4193,1
1840,49-9071,51-6011,1
1841,49-9071,51-8021,2
1842,49-9071,51-8031,5
1843,49-9071,51-9061,1
1844,49-9071,51-9195,1
1845,49-9071,51-9199,4
1846,49-9071,53-3011,1
1847,49-9071,53-3041,1
1848,49-9071,53-7021,1
1849,49-9071,53-7051,1
1850,49-9071,53-7061,4
1851,49-9071,53-7062,8
1852,51-1011,51-3092,2
1853,51-1011,51-3093,1
1854,51-1011,51-4023,1
1855,51-1011,51-4031,1
1856,51-1011,51-4041,3
1857,51-1011,51-4193,1
1858,51-1011,51-6011,2
1859,51-1011,51-6031,1
1860,51-1011,51-6041,1
1861,51-1011,51-7011,3
1862,51-1011,51-8021,1
1863,51-1011,51-8031,6
1864,51-1011,51-9061,11
1865,51-1011,51-9111,3
1866,51-1011,51-9196,3
1867,51-1011,51-9199,16
1868,51-1011,53-7051,3
1869,51-1011,53-7062,10
1870,51-1011,53-7064,4
1871,51-3011,51-3091,2
1872,51-3011,51-3092,6
1873,51-3011,51-7011,1
1874,51-3011,51-9198,1
1875,51-3011,51-9199,2
1876,51-3011,53-7062,1
1877,51-3011,53-7063,2
1878,51-3091,51-9111,1
1879,51-3091,51-9199,1
1880,51-3091,53-7062,1
1881,51-3092,51-3093,2
1882,51-3092,51-9111,1
1883,51-3092,51-9199,3
1884,51-3092,53-7064,1
1885,51-3093,51-9111,1
1886,51-3093,53-7062,1
1887,51-3093,53-7063,1
1888,51-4021,51-9041,1
1889,51-4021,51-9199,1
1890,51-4023,51-4031,1
1891,51-4023,51-6021,1
1892,51-4023,51-9199,3
1893,51-4023,53-7051,1
1894,51-4023,53-7062,1
1895,51-4031,51-4033,1
1896,51-4031,51-4041,2
1897,51-4031,51-6021,1
1898,51-4031,51-7041,1
1899,51-4031,51-9041,1
1900,51-4031,51-9061,1
1901,51-4031,51-9198,1
1902,51-4031,51-9199,5
1903,51-4031,53-6061,1
1904,51-4031,53-7062,6
1905,51-4031,53-7064,1
1906,51-4033,51-4041,1
1907,51-4033,51-4193,1
1908,51-4033,51-9199,2
1909,51-4033,53-7061,1
1910,51-4033,53-7064,1
1911,51-4034,51-4041,2
1912,51-4034,51-4111,1
1913,51-4041,51-4111,6
1914,51-4041,51-4194,1
1915,51-4041,51-6031,1
1916,51-4041,51-6063,1
1917,51-4041,51-9061,2
1918,51-4041,51-9198,1
1919,51-4041,51-9199,7
1920,51-4041,53-7051,3
1921,51-4041,53-7062,1
1922,51-4041,53-7064,1
1923,51-4193,53-7062,1
1924,51-5111,51-9061,1
1925,51-5111,51-9199,1
1926,51-6011,51-6021,8
1927,51-6011,51-9199,2
1928,51-6011,53-3041,1
1929,51-6011,53-7051,2
1930,51-6011,53-7062,4
1931,51-6011,53-7081,1
1932,51-6021,51-9199,3
1933,51-6031,51-6063,2
1934,51-6031,51-6093,1
1935,51-6031,51-9061,1
1936,51-6031,51-9191,1
1937,51-6031,51-9199,5
1938,51-6031,53-7051,2
1939,51-6031,53-7062,3
1940,51-6031,53-7064,1
1941,51-6041,51-9199,1
1942,51-6041,53-7062,1
1943,51-6063,51-9061,1
1944,51-6063,51-9199,1
1945,51-6064,51-9199,1
1946,51-6093,51-7021,2
1947,51-6093,51-9199,1
1948,51-7011,51-7021,1
1949,51-7011,51-7042,1
1950,51-7011,51-9199,1
1951,51-7011,53-7062,5
1952,51-7011,53-7081,1
1953,51-7041,51-9199,2
1954,51-7041,53-7062,3
1955,51-7042,51-9199,1
1956,51-7042,53-7051,1
1957,51-7042,53-7062,4
1958,51-8021,51-9111,1
1959,51-8021,51-9199,1
1960,51-8021,53-7051,1
1961,51-8021,53-7062,2
1962,51-8031,51-9061,1
1963,51-8031,51-9199,1
1964,51-8031,53-7062,2
1965,51-9041,51-9199,4
1966,51-9061,51-9151,1
1967,51-9061,51-9194,1
1968,51-9061,51-9199,13
1969,51-9061,53-6051,3
1970,51-9061,53-7051,1
1971,51-9061,53-7062,7
1972,51-9061,53-7064,5
1973,51-9061,53-7081,1
1974,51-9071,51-9199,1
1975,51-9111,51-9199,13
1976,51-9111,53-3041,3
1977,51-9111,53-7051,1
1978,51-9111,53-7061,1
1979,51-9111,53-7062,11
1980,51-9111,53-7064,13
1981,51-9151,53-7062,1
1982,51-9191,51-9199,2
1983,51-9192,53-7061,1
1984,51-9195,53-7064,1
1985,51-9196,51-9199,10
1986,51-9196,53-7051,1
1987,51-9196,53-7064,4
1988,51-9197,51-9199,4
1989,51-9198,53-7051,1
1990,51-9198,53-7061,1
1991,51-9198,53-7062,2
1992,51-9199,53-3041,1
1993,51-9199,53-6051,1
1994,51-9199,53-7021,1
1995,51-9199,53-7051,12
1996,51-9199,53-7061,4
1997,51-9199,53-7062,44
1998,51-9199,53-7063,2
1999,51-9199,53-7064,22
2000,51-9199,53-7081,1
2001,53-2031,53-6061,1
2002,53-3011,53-3041,3
2003,53-3041,53-6021,2
2004,53-3041,53-7062,1
2005,53-6021,53-7061,1
2006,53-6061,53-7062,1
2007,53-7021,53-7051,1
2008,53-7021,53-7062,4
2009,53-7051,53-7062,42
2010,53-7051,53-7081,1
2011,53-7061,53-7062,8
2012,53-7061,53-7081,1
2013,53-7062,53-7063,1
2014,53-7062,53-7064,29
2015,53-7062,53-7081,5
2016,53-7064,53-7081,1
